Reference Seq,Position,Mutation Type,Sequence Change,Gene,Function,Product,GO Process,GO Component,Mut ID,Details,EG_pCA24N-fucO A1 F1 I1 R1
NC_000913,"1,920,205",DEL,(T)7→6,"yebT, rsmF",,intermembrane transport protein YebT/16S rRNA m(5)C1407 methyltransferase,,,1608288,intergenic (+62/‑18),1.00
NC_000913,"1,962,903",DEL,"Δ15,600 bp","[flhE],flhA,flhB,cheZ,cheY,cheB,cheR,tap,tar,cheW,cheA,motB,motA,flhC,flhD",,"[flhE],flhA,flhB,cheZ,cheY,cheB,cheR,tap,tar,cheW,cheA,motB,motA,flhC,flhD",,,1608289,IS1‑mediated,1.00
NC_000913,"2,286,328",DEL,(T)7→6,"proL, yejO",,tRNA-Pro/adhesin-like autotransporter YejO,,,1608290,intergenic (+41/+62),1.00
NC_000913,"2,313,176",DEL,(T)8→7,micF,,small regulatory RNA MicF,,,1608291,noncoding (93/93 nt),1.00
NC_000913,"2,980,730",DEL,Δ3 bp,"ygeA, araE",,amino acid racemase/arabinose:H(+) symporter,,,1608292,intergenic (‑95/+32),1.00
NC_000913,"3,123,126",INS,(CCGTTATTTTTCAGCAAAATGCAGG)1→2,glcB,,malate synthase G,,,1608293,coding (680/2172 nt),1.00
NC_000913,"3,439,602",DEL,(T)7→6,"yhdN, rplQ",,conserved protein YhdN/50S ribosomal subunit protein L17,,,1608294,intergenic (‑93/+14),1.00
NC_000913,"3,564,097",DEL,(A)7→6,"yzgL, glgP",,putative uncharacterized protein YzgL/glycogen phosphorylase,,,1608295,intergenic (‑92/+37),1.00
NC_000913,"3,818,781",SNP,C→A,"dinD, yicG",,DNA damage-inducible protein D/conserved inner membrane protein YicG,,,1608296,intergenic (+197/‑93),1.00
NC_000913,"4,188,960",DEL,Δ9 bp,rpoC,,RNA polymerase subunit beta',,,1608297,coding (3611‑3619/4224 nt),1.00
NC_000913,"4,392,261",INS,(A)8→9,"orn, glyV",,oligoribonuclease/tRNA-Gly,,,1608298,intergenic (+112/‑99),1.00
NC_000913,"366,409",SNP,C→T,"lacZ, lacI",,beta-galactosidase/DNA-binding transcriptional repressor LacI,,,1608275,intergenic (‑104/+19),1.00
NC_000913,"4,296,381",INS,+GC,"gltP, yjcO",,glutamate/aspartate : H(+) symporter GltP/Sel1 repeat-containing protein YjcO,,,1603721,intergenic (+587/+55),1.00
NC_000913,"92,573",DEL,Δ1 bp,ftsI,,peptidoglycan DD-transpeptidase FtsI,,,1608280,coding (1161/1767 nt),1.00
NC_000913,"362,976",SNP,G→C,lacY,,lactose permease,,,1608281,D68E (GAC→GAG),1.00
NC_000913,"697,144",INS,(T)8→9,"metT, asnB",,tRNA-Met/asparagine synthetase B,,,1608282,intergenic (‑11/+369),1.00
NC_000913,"926,186",INS,+T,"serW, infA",,tRNA-Ser/translation initiation factor IF-1,,,1608283,intergenic (‑215/+39),1.00
NC_000913,"985,846",DEL,(A)8→7,"aspC, ompF",,aspartate aminotransferase/outer membrane porin F,,,1608284,intergenic (‑137/+48),1.00
NC_000913,"1,015,515",DEL,(T)7→6,"pqiC, rmf",,intermembrane transport lipoprotein PqiC/ribosome modulation factor,,,1608285,intergenic (+56/‑200),1.00
NC_000913,"1,437,231",INS,(T)9→10,"micC, ydbK",,small regulatory RNA MicC/putative pyruvate-flavodoxin oxidoreductase,,,1608286,intergenic (+2/+29),1.00
NC_000913,"1,489,690",DEL,Δ3 bp,"aldA, gapC",,aldehyde dehydrogenase A/glyceraldehyde-3-phosphate dehydrogenase,,,1608287,intergenic (+19/+21),1.00
